node_id,osm_id,lat,lon
0,122626,49.1159654,2.5548958
1,122627,49.1102941,2.5521725
2,122631,49.0834393,2.5511375
3,122632,49.0675225,2.5524679
4,122633,49.063616,2.5522412
5,122634,49.0597465,2.5509097
6,122635,49.0551989,2.548669
7,122637,49.046553,2.5460228
8,122638,49.0424711,2.5435871
9,122639,49.0391224,2.5421644
10,122640,49.0337661,2.5402234
11,122642,49.0065761,2.5269186
12,122922,48.8753464,2.4402228
13,122923,48.878239,2.4462307
14,122924,48.8832553,2.4577488
15,122925,48.8840051,2.4598863
16,122926,48.8840815,2.4635493
17,122927,48.8839743,2.4654187
18,122928,48.8842352,2.4697861
19,122929,48.8847548,2.4710061
20,122930,48.8878133,2.4739476
21,122931,48.8889709,2.4738063
22,122932,48.8919956,2.4728653
23,122933,48.893782,2.47196
24,122934,48.8982929,2.4693405
25,122936,48.9014363,2.4700545
26,122937,48.9031353,2.4710051
27,122938,48.9059901,2.4720553
28,122939,48.9096317,2.4743384
29,122940,48.9114308,2.4756947
30,122941,48.9129951,2.4766265
31,122942,48.9141189,2.4771621
32,122944,48.9204111,2.4792424
33,122945,48.9231499,2.4804343
34,122946,48.926226,2.4812559
35,122947,48.9353631,2.4803906
36,122948,48.9386825,2.4795942
37,122953,48.9678665,2.4793856
38,122954,48.9722465,2.4860686
39,122959,48.9885739,2.5093063
40,122961,48.9985085,2.5201134
41,122962,49.0022228,2.5238931
42,122963,49.121846,2.5566441
43,122964,49.1259921,2.557261
44,122975,48.7399056,2.31955
45,122976,48.7421631,2.3216389
46,122977,48.7517305,2.3303208
47,122978,48.7150853,2.3091818
48,122979,48.7072709,2.3062932
49,122980,48.705235,2.3062007
50,122981,48.7037193,2.30679
51,122984,48.695654,2.3179163
52,122986,48.6977219,2.3148069
53,122987,48.6821603,2.3301265
54,122988,48.6814019,2.3308674
55,122989,48.6779453,2.3370064
56,122991,48.6727868,2.3441943
57,122992,48.6701297,2.3488355
58,122994,48.6675682,2.3579499
59,122995,48.6672602,2.3592683
60,122997,48.6575193,2.3767791
61,122998,48.6552526,2.3793164
62,123004,48.5902184,2.4466268
63,123005,48.589104,2.4479138
64,123006,48.5880681,2.4493251
65,123011,48.2832902,2.6990923
66,123012,48.2792021,2.7051068
67,123013,48.2737717,2.7122991
68,123015,48.2625721,2.7225887
69,123016,48.257387,2.7271528
70,123017,48.2533234,2.7318017
71,123018,48.249512,2.7372147
72,123019,48.2447071,2.7442757
73,123020,48.2391892,2.7508323
74,123021,48.2317476,2.757679
75,123022,48.2264928,2.7624582
76,123023,48.2205925,2.76869
77,123024,48.2159795,2.7753868
78,123025,48.2117056,2.7839321
79,123026,48.2057708,2.7951663
80,123027,48.2004417,2.8027945
81,123028,48.1945189,2.8116318
82,123029,48.1893282,2.8209419
83,123030,48.1839006,2.8328811
84,123031,48.1812392,2.8398973
85,123032,48.1762931,2.8526728
86,123033,48.1708696,2.862403
87,123034,48.1638025,2.8738731
88,123036,48.1553843,2.8933081
89,125728,48.8633249,2.4087188
90,125730,48.8635232,2.4107318
91,125732,48.8649843,2.4114779
92,125733,48.8645091,2.412758
93,125739,48.8700147,2.4301303
94,125740,48.872408,2.4340988
95,125742,48.8518516,2.401373
96,125743,48.8546188,2.4133561
97,125745,48.8545264,2.4143958
98,125747,48.8542736,2.4147542
99,125748,48.8537522,2.414572
100,125749,48.853111,2.4149176
101,125760,48.8295385,2.4011777
102,125763,48.8273309,2.3920772
103,125776,48.8141283,2.3363692
104,125777,48.8138517,2.3363322
105,125778,48.8129561,2.3364349
106,125779,48.8123662,2.3367085
107,125780,48.8083118,2.3403058
108,125781,48.8071183,2.3412205
109,125782,48.8062726,2.341641
110,125783,48.8051804,2.3419642
111,125784,48.8005804,2.3420713
112,125785,48.8000222,2.3422429
113,125786,48.7992054,2.3426567
114,125787,48.795179,2.3450473
115,125791,48.7843033,2.3465871
116,125792,48.7831187,2.3468229
117,125796,48.7632818,2.3417917
118,125797,48.756919,2.3350673
119,125798,48.762391,2.3409871
120,144787,48.5797358,2.4615455
121,144788,48.5788793,2.4626077
122,144789,48.5673679,2.472759
123,144791,48.5609554,2.4842339
124,144793,48.5591649,2.4877804
125,144794,48.558379,2.4889766
126,144796,48.5413605,2.4981099
127,144797,48.5401235,2.4985793
128,144799,48.5185997,2.5049757
129,144800,48.5142372,2.507271
130,144801,48.5054537,2.5120624
131,144802,48.5015917,2.5129932
132,144809,48.4661161,2.5163817
133,144810,48.4630401,2.5166809
134,144811,48.4591438,2.5186921
135,144812,48.4572838,2.5204771
136,144813,48.4521549,2.5259671
137,144816,48.4375802,2.5356205
138,144823,48.4187691,2.5431966
139,144824,48.4169819,2.5445048
140,144825,48.4120253,2.549025
141,144826,48.4064512,2.5538109
142,144827,48.4027324,2.5552608
143,144828,48.3992757,2.5551729
144,144829,48.3963782,2.5544433
145,144830,48.3921358,2.554556
146,144831,48.3898214,2.5553446
147,144832,48.3829252,2.5589132
148,144833,48.3800481,2.560778
149,144834,48.3772236,2.561737
150,144838,48.3638483,2.5712353
151,144845,48.3340451,2.5972577
152,144846,48.3313201,2.5999893
153,144847,48.3272523,2.6040675
154,144848,48.3234596,2.6086053
155,144849,48.3202531,2.6141131
156,144850,48.3173553,2.621712
157,144851,48.3138496,2.63458
158,144852,48.3118982,2.6416567
159,144853,48.3096852,2.648603
160,144854,48.3070669,2.6566218
161,144855,48.3052313,2.6605509
162,144856,48.3026454,2.6643079
163,360930,48.8263456,2.3614982
164,360932,48.8261825,2.3572608
165,360933,48.8260748,2.3552126
166,360935,48.8258123,2.3503781
167,360937,48.825757,2.3465869
168,360938,48.8259416,2.3452101
169,360946,48.8292991,2.3226525
170,360977,48.8305326,2.319263
171,360978,48.8318162,2.3141451
172,360980,48.8335638,2.3092306
173,360982,48.8372138,2.2964732
174,360983,48.8392633,2.2919595
175,360986,48.8421683,2.2855643
176,360987,48.84487,2.2796024
177,360988,48.8460141,2.2770938
178,360990,48.8474292,2.2737147
179,360991,48.8482358,2.2699037
180,360995,48.8479618,2.2622425
181,360996,48.8479246,2.2597533
182,360997,48.8479122,2.2585518
183,360998,48.8491984,2.2577789
184,360999,48.8530352,2.2618853
185,361000,48.8573541,2.2646623
186,361001,48.8578749,2.2629378
187,361002,48.8584182,2.258932
188,361003,48.8583101,2.2559777
189,361006,48.8567674,2.262482
190,361008,48.8578607,2.2487375
191,361011,48.8604369,2.2371752
192,361012,48.8580078,2.2371683
193,361013,48.856165,2.2375339
194,361015,48.8537875,2.2372532
195,361016,48.8526653,2.2368244
196,361017,48.8514246,2.2369386
197,361020,48.8570696,2.2284981
198,361023,48.8627174,2.2309567
199,361024,48.8637304,2.232598
200,361026,48.863176,2.237615
201,361027,48.8622922,2.2383105
202,361029,48.8457651,2.3675101
203,361031,48.8473762,2.365654
204,361032,48.8508902,2.3672854
205,361036,48.8487894,2.3679988
206,361038,48.8428731,2.3639428
207,361041,48.8385884,2.3507331
208,361042,48.8380175,2.3510175
209,361043,48.8332121,2.3543465
210,361044,48.8331727,2.3567612
211,361045,48.8365766,2.3592953
212,361047,48.84166,2.3519793
213,361048,48.8396902,2.3512679
214,361050,48.8466037,2.3516349
215,361055,48.8301635,2.359283
216,361058,48.8266453,2.363724
217,361059,48.8471299,2.3512394
218,361060,48.8480778,2.3505051
219,361062,48.8523487,2.3482382
220,361068,48.8560699,2.3507047
221,361069,48.8568086,2.3510544
222,361070,48.8575338,2.351417
223,361073,48.860913,2.3408208
224,361074,48.8612278,2.3534869
225,361075,48.8627221,2.3542782
226,361084,48.8685611,2.3630587
227,361086,48.8669672,2.3655855
228,361091,48.8748138,2.3573832
229,361092,48.8672969,2.3568082
230,361093,48.8677102,2.3548458
231,361094,48.8689741,2.3557506
232,361096,48.8696795,2.3526101
233,361098,48.8706756,2.3479102
234,361100,48.8763653,2.3560333
235,361102,48.8785122,2.3540762
236,361103,48.8804947,2.3523043
237,361104,48.8719982,2.3400527
238,361105,48.8722422,2.3382998
239,361106,48.8729396,2.3332569
240,361108,48.8742709,2.3313146
241,361109,48.8742988,2.3327119
242,361110,48.8761423,2.3311152
243,361111,48.8793511,2.3293652
244,361112,48.8838548,2.3494771
245,361114,48.8884009,2.3479972
246,361116,48.8836693,2.3274926
247,361117,48.884677,2.3294977
248,361118,48.8874889,2.333377
249,361119,48.8855487,2.3292263
250,361120,48.8857991,2.3288483
251,361124,48.8883067,2.3274876
252,361125,48.8900588,2.3292811
253,361134,48.8870858,2.3392575
254,361143,48.8897604,2.3421023
255,361704,48.8261632,2.3599616
256,361705,48.8284715,2.3581077
257,361706,48.8308426,2.3562429
258,361709,48.8318236,2.3553078
259,361710,48.8316854,2.3550449
260,361711,48.8313868,2.3549184
261,361712,48.8311089,2.3551269
262,361715,48.8318326,2.3558099
263,361719,48.8317196,2.356062
264,361721,48.8311379,2.3560713
265,361726,48.8303757,2.3527614
266,361729,48.8306421,2.3526433
267,361730,48.8311993,2.3543524
268,361731,48.8317002,2.3543662
269,361732,48.8319405,2.3534547
270,361733,48.8322202,2.3550299
271,361735,48.8313954,2.3581678
272,361736,48.8319952,2.3599732
273,361737,48.8316928,2.3579432
274,361738,48.8314026,2.3570508
275,361739,48.8318007,2.3567167
276,361740,48.8322167,2.3560637
277,361741,48.8318213,2.3582931
278,361742,48.8320341,2.3589539
279,361744,48.8321859,2.3584104
280,361745,48.8320004,2.3584149
281,361746,48.8320894,2.3586184
282,361747,48.8328074,2.3564892
283,361748,48.8325125,2.3588028
284,361749,48.8331875,2.3593046
285,361752,48.8328501,2.3555283
286,361753,48.833208,2.3555425
287,361769,48.8317901,2.3634307
288,361795,48.8321759,2.3585526
289,366594,48.8270179,2.3664849
290,366595,48.8276787,2.3713592
291,366596,48.8273743,2.3691247
292,366601,48.8174999,2.3816332
293,366602,48.8185666,2.3839345
294,366603,48.8212048,2.3790467
295,367504,48.8537953,2.3333421
296,367505,48.852103,2.3402953
297,367506,48.8513977,2.3431724
298,367508,48.8529505,2.3427976
299,367510,48.8530729,2.3468007
300,367513,48.8437403,2.3242703
301,367521,48.8515902,2.3311169
302,367545,48.8410743,2.3216142
303,367546,48.8420281,2.3228101
304,367547,48.8412766,2.3248646
305,367548,48.8393924,2.3305503
306,367584,48.83759,2.3458823
307,367617,48.834137,2.3333506
308,367672,48.817059,2.3314258
309,367684,48.8185092,2.3196067
310,367751,48.8303768,2.2779341
311,367880,48.8480366,2.2429228
312,367881,48.8535037,2.2415301
313,367882,48.8548319,2.2423969
314,367883,48.8528073,2.2456989
315,367886,48.8610522,2.2605262
316,367887,48.8624438,2.2637168
317,367888,48.8626969,2.2664593
318,367889,48.8631344,2.2686662
319,367890,48.8642336,2.2725252
320,367893,48.8726811,2.2845692
321,367905,48.8801058,2.2879032
322,367906,48.8848378,2.2966493
323,367908,48.885359,2.297261
324,367909,48.8853516,2.2973991
325,367910,48.8848995,2.2979224
326,367911,48.8845175,2.2971781
327,367912,48.8869037,2.3011542
328,367913,48.8874793,2.3049813
329,367914,48.8881726,2.3105625
330,367915,48.8873505,2.3141215
331,367916,48.885718,2.3167618
332,367917,48.8822056,2.3203489
333,367926,48.8794904,2.3218476
334,367927,48.8790714,2.3232119
335,367928,48.8778593,2.3269497
336,367929,48.8838764,2.3327896
337,367932,48.8835576,2.3469998
338,367934,48.875888,2.3398698
339,367935,48.8756216,2.3429918
340,367937,48.8792848,2.3570708
341,367940,48.8845067,2.3633835
342,367943,48.8794269,2.3676102
343,367946,48.8777601,2.370577
344,367947,48.8740589,2.3635398
345,367950,48.8947381,2.3822734
346,367967,48.866198,2.3696404
347,367979,48.8667247,2.3651418
348,367982,48.8611455,2.3728553
349,367986,48.8513069,2.3761436
350,367987,48.8497769,2.3706499
351,367988,48.8480012,2.3714459
352,367989,48.8486286,2.3725375
353,367991,48.8485085,2.3760704
354,367994,48.8468478,2.3694048
355,367995,48.8444983,2.3722312
356,367997,48.8404205,2.3789998
357,367998,48.8442794,2.3815641
358,367999,48.8505762,2.3794048
359,368000,48.8500842,2.384689
360,368001,48.8419094,2.367868
361,368003,48.8474701,2.3967168
362,368006,48.8491262,2.3970535
363,368007,48.8494264,2.3962019
364,368008,48.8493607,2.3953046
365,368009,48.8490929,2.3947333
366,368010,48.8486112,2.3943563
367,368011,48.8477089,2.3946949
368,368012,48.8473365,2.39573
369,368014,48.8473461,2.3867729
370,368015,48.8462764,2.3878147
371,368041,48.8649662,2.3955474
372,368044,48.8644295,2.4015638
373,368047,48.8644023,2.4085287
374,368057,48.8406596,2.4090095
375,368058,48.8442884,2.4101757
376,368059,48.8446689,2.4057273
377,368061,48.8453024,2.3982497
378,368064,48.8411027,2.3989094
379,368065,48.8397002,2.396265
380,368068,48.8353603,2.406596
381,368074,48.8348528,2.4080632
382,368075,48.8333363,2.4057115
383,368077,48.8340006,2.4108114
384,368078,48.8343691,2.4113998
385,368079,48.8424248,2.3854014
386,368081,48.8394148,2.3945031
387,368082,48.8373028,2.3912033
388,368083,48.8370754,2.3901418
389,368084,48.8357065,2.3861104
390,368086,48.8398545,2.3795917
391,368092,48.8389062,2.3761486
392,368093,48.8375695,2.3736544
393,368094,48.8363672,2.3713523
394,368096,48.8367528,2.3743665
395,368120,48.8557133,2.3483752
396,368122,48.8544562,2.3513306
397,368125,48.8526464,2.3522069
398,368126,48.851112,2.3513069
399,368133,48.8573196,2.3492488
400,368137,48.8562782,2.3565953
401,368138,48.8546706,2.3627724
402,368139,48.8535418,2.3665458
403,368140,48.8523738,2.3604658
404,368141,48.8529093,2.3589713
405,368142,48.8533327,2.3578164
406,368143,48.8543758,2.3549444
407,368144,48.8552238,2.3527386
408,368145,48.8499758,2.3548755
409,368146,48.8494121,2.3567581
410,368147,48.8496235,2.3560363
411,368175,48.850761,2.3612473
412,368182,48.8579937,2.3472213
413,368190,48.8589898,2.339848
414,368195,48.8608967,2.3300717
415,368196,48.8609722,2.3298336
416,368205,48.8637542,2.3320906
417,368232,48.8514647,2.3370565
418,368233,48.8513168,2.3357195
419,368243,48.8640695,2.3201059
420,368247,48.8646741,2.3136679
421,368248,48.8646107,2.3103421
422,368249,48.8625754,2.3104189
423,368250,48.8658652,2.3199152
424,368252,48.8666686,2.3219847
425,368254,48.8691428,2.3101251
426,368272,48.8542721,2.3054471
427,368273,48.858808,2.3034962
428,368274,48.8598721,2.3008394
429,368286,48.8589324,2.2968652
430,368305,48.8634147,2.2875176
431,368307,48.8668087,2.289968
432,368308,48.8732254,2.2946432
433,368310,48.8734551,2.2942458
434,368313,48.8737408,2.2941165
435,368318,48.8744042,2.294914
436,368319,48.8743369,2.2954443
437,368320,48.8741145,2.2958561
438,368321,48.8738318,2.2959735
439,368322,48.8735055,2.2958868
440,368323,48.8731663,2.2951542
441,368325,48.8732624,2.2955649
442,368337,48.8795492,2.3049802
443,368338,48.8723617,2.2994947
444,368341,48.8705216,2.3052862
445,373309,48.6614475,2.5836512
446,373310,48.6605662,2.5881145
447,373311,48.6598946,2.5920912
448,373312,48.6589042,2.6043306
449,373313,48.6582919,2.606678
450,373314,48.6580492,2.6077797
451,373376,48.6529113,2.6147494
452,373378,48.6531858,2.6155466
453,373379,48.6532043,2.616371
454,373380,48.6530936,2.6168064
455,382015,48.8244825,2.3678681
456,382016,48.8229124,2.3687123
457,382017,48.8215302,2.3694127
458,382019,48.8226528,2.3670649
459,382021,48.8216292,2.3691214
460,382023,48.8269709,2.3850872
461,382024,48.8285223,2.3883588
462,382026,48.8284757,2.3729331
463,382027,48.8306422,2.3767516
464,382029,48.8327338,2.3747806
465,382036,48.833722,2.3824814
466,382038,48.8322388,2.3797778
467,382039,48.8329781,2.3787715
468,382045,48.8344579,2.3731375
469,382046,48.835541,2.3721229
470,382049,48.8362129,2.3714895
471,382050,48.833824,2.3650971
472,382051,48.8321655,2.3676402
473,382052,48.8339755,2.3647613
474,382054,48.8478357,2.3640916
475,382056,48.8499081,2.3614504
476,382057,48.846846,2.3609481
477,382060,48.8514506,2.3597163
478,382061,48.8519179,2.3586127
479,382062,48.852444,2.3570633
480,382063,48.8530123,2.3552992
481,382064,48.853419,2.3540036
482,382066,48.853409,2.3531651
483,382067,48.8528801,2.3533008
484,382068,48.8521676,2.353681
485,382069,48.8516311,2.3541599
486,382070,48.8513444,2.3552545
487,382071,48.8511377,2.3559179
488,382072,48.8505947,2.3575168
489,382073,48.8502611,2.3585159
490,382074,48.8500938,2.3589985
491,382076,48.8529217,2.3535281
492,382077,48.8518338,2.3565473
493,382078,48.8524483,2.354842
494,382079,48.8520819,2.3558589
495,382080,48.8512836,2.3580848
496,382081,48.8509376,2.3590449
497,382082,48.8526936,2.3541528
498,390027,48.8509679,2.3964579
499,390030,48.8504115,2.3925212
500,390033,48.8489668,2.3920084
501,390034,48.8480382,2.3928506
502,390035,48.8471465,2.3936715
503,390039,48.8489841,2.3960479
504,390041,48.8489439,2.3955684
505,390042,48.8487905,2.3952373
506,390043,48.8485175,2.3950215
507,390044,48.8482871,2.3950103
508,390045,48.8479997,2.3952063
509,390046,48.8478638,2.3963944
510,390047,48.8481806,2.3967898
511,390052,48.8484383,2.396839
512,390053,48.8487883,2.3966072
513,390056,48.8482123,2.3943442
514,390060,48.8477806,2.3958129
515,390153,48.8489264,2.3985446
516,390158,48.8472878,2.3989257
517,390198,48.8395281,2.3949033
518,390202,48.8388965,2.3974499
519,390213,48.8455866,2.3951051
520,390214,48.8427115,2.3974913
521,390248,48.836057,2.3867648
522,390249,48.8362532,2.3867714
523,390250,48.8360312,2.3870192
524,390252,48.8364877,2.3876847
525,390253,48.8365661,2.3873665
526,390306,48.8462793,2.3774063
527,390313,48.847004,2.3837717
528,390316,48.846772,2.3817132
529,398708,48.8642924,2.3514526
530,398709,48.864854,2.3533625
531,398745,48.8638647,2.3490334
532,398747,48.8652572,2.3432289
533,398767,48.8746592,2.3393436
534,398768,48.8706941,2.3325479
535,398769,48.8710793,2.3347861
536,398772,48.8716742,2.3382629
537,398773,48.8702993,2.332715
538,398774,48.8700764,2.3325517
539,398775,48.8702083,2.3322293
540,398776,48.8706246,2.3320659
541,398785,48.8748561,2.3199075
542,398787,48.8710733,2.3318505
543,398788,48.871156,2.332342
544,398789,48.8722064,2.3328034
545,398792,48.8702725,2.3300447
546,398794,48.8697919,2.3250866
547,398795,48.8692553,2.3238967
548,398800,48.8687159,2.3331331
549,430769,48.8220775,2.358558
550,430770,48.819145,2.3594606
551,430771,48.8193767,2.3577072
552,430773,48.8210155,2.3506445
553,430777,48.8213523,2.3343712
554,430784,48.8346949,2.331298
555,430785,48.8340774,2.330922
556,430786,48.8332396,2.3315367
557,430788,48.8597509,2.3768495
558,430789,48.8587156,2.378584
559,430794,48.8533915,2.3794021
560,430795,48.8532743,2.3770075
561,430796,48.8532065,2.375077
562,430798,48.8795788,2.367034
563,430799,48.8824833,2.369142
564,430802,48.8718957,2.3645298
565,430803,48.8697616,2.3661837
566,442138,48.8193334,2.3619725
567,442139,48.820154,2.36463
568,442150,48.8237497,2.3619778
569,442190,48.8261491,2.3127519
570,442192,48.8277487,2.3054972
571,442194,48.8286407,2.3014298
572,442196,48.8309442,2.2924987
573,442197,48.8326696,2.2883696
574,442207,48.8354165,2.2810656
575,442211,48.8387725,2.2697194
576,442215,48.8440438,2.2591791
577,442216,48.8453547,2.2575733
578,442242,48.8596337,2.2661315
579,442252,48.8669232,2.2718566
580,442256,48.8717066,2.2756581
581,442258,48.8737926,2.2775555
582,442296,48.8360747,2.3921604
583,442301,48.8336313,2.3948808
584,442308,48.8822538,2.2860644
585,442309,48.885683,2.2915029
586,442316,48.8490538,2.4115116
587,442317,48.8534855,2.4105158
588,442319,48.8874974,2.2947714
589,442320,48.8894508,2.2991349
590,442321,48.8910624,2.3025282
591,442333,48.8646564,2.4086357
592,442334,48.8643529,2.4086118
593,442335,48.8679431,2.4088776
594,442337,48.8733325,2.4083324
595,442344,48.8771874,2.4065457
596,442345,48.8777884,2.4056378
597,442348,48.8802663,2.4003829
598,442349,48.8806977,2.4000569
599,442350,48.8819711,2.4005685
600,442351,48.8827343,2.3988809
601,442352,48.8828828,2.3979171
602,442371,48.8987244,2.3711722
603,442372,48.8989357,2.3829277
604,442373,48.8836491,2.3969899
605,442374,48.8847471,2.3966141
606,442375,48.8866017,2.3963119
607,442380,48.8966626,2.392978
608,442381,48.8964371,2.3932652
609,442382,48.895995,2.3936909
610,470124,48.837661,2.3228758
611,470125,48.8375281,2.3229328
612,470126,48.8324586,2.3250068
613,470129,48.8473329,2.3408546
614,470130,48.8488358,2.3417553
615,470131,48.8506264,2.3428034
616,470132,48.8508423,2.3455155
617,470133,48.8495998,2.3448304
618,470134,48.8473646,2.3436156
619,470135,48.8467973,2.3433478
620,470136,48.8443229,2.342042
621,470137,48.8499613,2.3491057
622,470138,48.8495203,2.3528725
623,470139,48.8512052,2.3626857
624,470142,48.8561313,2.3404015
625,470144,48.8576767,2.3371776
626,470145,48.8578087,2.3353064
627,470146,48.8582658,2.3332665
628,470147,48.8576193,2.3327512
629,470148,48.8557232,2.3312086
630,470149,48.8544757,2.3304737
631,470150,48.8518682,2.3286248
632,470152,48.8507068,2.3252847
633,470153,48.8502335,2.32414
634,470154,48.8482314,2.3201774
635,470156,48.8582212,2.3283353
636,470157,48.8588006,2.3287489
637,470158,48.8570075,2.3275255
638,470159,48.8560436,2.3259635
639,470160,48.857698,2.323896
640,470161,48.85914,2.3202091
641,470162,48.8597994,2.3181564
642,470163,48.8599225,2.3169823
643,470164,48.8599663,2.3148267
644,470165,48.8599548,2.3131081
645,470166,48.8599384,2.3101795
646,470170,48.8496383,2.3079111
647,470171,48.8510287,2.3061301
648,470172,48.8494246,2.3037705
649,470173,48.8511732,2.3009297
650,470175,48.8547759,2.2952646
651,470177,48.8574919,2.2909874
652,470180,48.8605421,2.2956191
653,470181,48.8617208,2.2976032
654,470182,48.8624388,2.3019454
655,470183,48.8618495,2.3014489
656,470184,48.8576576,2.3001306
657,470185,48.8592274,2.3051352
658,470186,48.8604222,2.2913011
659,470188,48.8606037,2.2908634
660,470189,48.860846,2.291194
661,470192,48.859719,2.3078041
662,470193,48.8616238,2.33055
663,470194,48.8630051,2.3315419
664,470195,48.879398,2.3485666
665,470197,48.8698874,2.3348127
666,470198,48.8691631,2.3386843
667,470200,48.8673536,2.3473045
668,470202,48.8662121,2.3525614
669,470203,48.8659588,2.3537722
670,498981,48.820652,2.388355
671,498987,48.8145293,2.4059807
672,498989,48.8145888,2.4119905
673,498990,48.8145365,2.415316
674,498991,48.8150748,2.4188442
675,537209,48.8934879,2.3033472
676,537210,48.8936999,2.3037021
677,537242,48.8812824,2.2711954
678,540030,48.8144456,2.3364523
679,622186,48.8651292,2.8131482
680,622187,48.86402,2.8127063
681,622189,48.6254366,2.4421084
682,622190,48.6250065,2.4439471
683,622191,48.6241445,2.4449618
684,622192,48.6232873,2.4443138
685,622193,48.6223554,2.4429495
686,622194,48.6215426,2.4438515
687,622213,48.6320696,2.5307207
688,622214,48.6318608,2.5316638
689,622215,48.6306503,2.5340899
690,622216,48.6304007,2.5348967
691,622217,48.6309295,2.5372654
692,622218,48.632599,2.5373908
693,622219,48.6351041,2.5356487
694,622220,48.6405591,2.5354738
695,622221,48.6421744,2.535576
696,622222,48.6437046,2.536886
697,622223,48.6443506,2.540678
698,622224,48.646641,2.5604102
699,622225,48.6463159,2.5997023
700,622226,48.646596,2.602065
701,622227,48.647811,2.6066311
702,622228,48.6491378,2.6094259
703,622229,48.6520959,2.6133973
704,622230,48.6539159,2.6154602
705,622231,48.6554421,2.6157637
706,622232,48.6579521,2.6135521
707,622233,48.6583387,2.6132749
708,622234,48.6622662,2.6136075
709,622237,48.6767654,2.6098433
710,622287,48.8288816,2.7226728
711,622288,48.8286838,2.7295983
712,622291,48.8342191,2.8015834
713,622292,48.8373264,2.8150423
714,622294,48.838956,2.8219921
715,622295,48.8399133,2.8224249
716,622296,48.8406737,2.8223126
717,622297,48.8416856,2.8213232
718,622298,48.842634,2.8168299
719,622299,48.8435008,2.8148803
720,622300,48.85203,2.8037637
721,622301,48.8541979,2.8029647
722,622302,48.8553177,2.8017424
723,622303,48.8555914,2.8021191
724,622304,48.8574263,2.8042859
725,622308,48.8670588,2.8080891
726,622309,48.8662816,2.8143648
727,644079,48.8453291,2.2586805
728,644081,48.8444553,2.2589131
729,644084,48.8426289,2.3026724
730,644085,48.8409254,2.2969891
731,644087,48.8441241,2.2752394
732,644090,48.8758294,2.360103
733,644092,48.890254,2.3599658
734,644093,48.8878435,2.3598733
735,644102,48.8958144,2.3713598
736,644109,48.8997118,2.3702842
737,644119,48.8973802,2.3448383
738,644122,48.8957519,2.3395439
739,644123,48.8953165,2.3375841
740,644124,48.8946561,2.3346365
741,644125,48.8936232,2.3300973
742,644129,48.8912377,2.3190875
743,644130,48.8915587,2.3184769
744,644131,48.8896925,2.316671
745,644132,48.8879122,2.314991
746,644133,48.8839595,2.300307
747,644134,48.8828366,2.3029851
748,644135,48.882197,2.3044922
749,644136,48.8825517,2.3057797
750,644137,48.8840092,2.3087032
751,644139,48.8866387,2.3130835
752,644141,48.8294842,2.3499765
753,644142,48.8294251,2.3492344
754,644143,48.8303332,2.3458868
755,644144,48.826327,2.3598216
756,644145,48.8329985,2.3618393
757,644147,48.8327307,2.3621891
758,644148,48.8335273,2.361469
759,644149,48.8334502,2.3613402
760,644150,48.8332316,2.3615155
761,644151,48.8333102,2.361755
762,644152,48.8334834,2.361727
763,644153,48.8334901,2.3612139
764,644154,48.8339274,2.3598546
765,644155,48.8346276,2.3578519
766,644156,48.8355614,2.3585395
767,644157,48.8311304,2.3639369
768,644159,48.8291369,2.3651707
769,644160,48.8567171,2.348955
770,644163,48.8521389,2.3609324
771,644165,48.8168383,2.3601877
772,644169,48.9049212,2.1959564
773,644170,48.9061877,2.1940386
774,644171,48.9072727,2.1925101
775,644172,48.9092532,2.1895052
776,644173,48.9100846,2.187915
777,644174,48.9105931,2.1867193
778,644175,48.9120519,2.1816107
779,644176,48.912603,2.1763624
780,644177,48.9126886,2.1743063
781,644178,48.9128713,2.1693536
782,644179,48.9130298,2.1659382
783,644184,48.9140324,2.1560887
784,644185,48.914197,2.1523132
785,644186,48.9144126,2.1493212
786,644187,48.914555,2.1455126
787,644188,48.9147334,2.1396444
788,644189,48.9149516,2.1369942
789,644190,48.9153306,2.1344134
790,644191,48.9158572,2.1311438
791,644193,48.9173502,2.1229084
792,644194,48.9176806,2.1212178
793,644195,48.9177378,2.1194056
794,644196,48.9175173,2.1177002
795,644197,48.9173435,2.117019
796,644198,48.9169349,2.115906
797,644199,48.9093742,2.07619
798,644200,48.9064424,2.0550188
799,644201,48.9068078,2.0539755
800,644202,48.908344,2.0511474
801,644203,48.9086866,2.0506668
802,644204,48.9109447,2.0475006
803,644205,48.9127526,2.0448506
804,644207,48.9141587,2.0416233
805,644208,48.9146804,2.039491
806,644209,48.9148466,2.0384196
807,644210,48.9150816,2.035983
808,644211,48.9155904,2.0302575
809,644212,48.9158529,2.0267257
810,644213,48.9164641,2.0209091
811,644214,48.9172506,2.0170439
812,644215,48.9177066,2.0151427
813,644216,48.918808,2.0114206
814,644227,48.9290089,1.9873969
815,644229,48.9311132,1.9799553
816,644232,48.934899,1.9662288
817,644233,48.9361691,1.9619947
818,644234,48.9367267,1.9605273
819,644235,48.9374856,1.9588071
820,644236,48.9384145,1.9571407
821,644237,48.9396072,1.9552565
822,644238,48.9403941,1.9542092
823,644239,48.9415934,1.952799
824,644240,48.9429231,1.9514459
825,644241,48.9465641,1.947891
826,644242,48.9477448,1.9466615
827,644243,48.949609,1.9446692
828,644244,48.9510799,1.9430086
829,644245,48.9522633,1.9415862
830,644246,48.953963,1.9394833
831,644247,48.9585463,1.9334929
832,644250,48.9643899,1.9257281
833,644251,48.9659028,1.9235462
834,644252,48.9670836,1.9214266
835,644253,48.9679803,1.9194377
836,644254,48.9686573,1.9175639
837,644255,48.9693874,1.9150069
838,644256,48.9698532,1.9127612
839,644257,48.9701785,1.9103047
840,644258,48.9703456,1.9080973
841,644266,48.9706824,1.8791912
842,644267,48.9705976,1.8760912
843,644268,48.9704666,1.8737456
844,644269,48.9700874,1.8695709
845,644270,48.9697678,1.8670448
846,644271,48.9692843,1.8640049
847,644272,48.9685575,1.8603583
848,644273,48.9681903,1.8587544
849,644275,48.9669801,1.8541719
850,644276,48.9655939,1.8493808
851,644277,48.9646527,1.8461242
852,644278,48.9640333,1.843611
853,644279,48.9635402,1.8407866
854,644280,48.9632794,1.8386166
855,644281,48.9631496,1.835905
856,644282,48.9631744,1.8337723
857,644283,48.9633484,1.8310594
858,644284,48.9635693,1.8292113
859,644287,48.9649215,1.8199952
860,644288,48.9657216,1.8134442
861,644289,48.9658026,1.8111563
862,644290,48.9657498,1.8089274
863,644291,48.9655119,1.8061151
864,644292,48.965393,1.805001
865,644293,48.9645127,1.7984933
866,644294,48.9641663,1.7945169
867,644295,48.9639919,1.7907554
868,644296,48.9639449,1.7876073
869,644298,48.9639856,1.7802272
870,644299,48.9640605,1.7757071
871,644300,48.9642145,1.772918
872,644301,48.9647447,1.7680639
873,644302,48.9649349,1.7663751
874,644303,48.9653441,1.7626807
875,644304,48.9654908,1.760622
876,644305,48.9654608,1.757547
877,644307,48.9654241,1.7532944
878,644308,48.9655213,1.7524293
879,644309,48.9676551,1.7455199
880,644312,48.9682333,1.7438048
881,644313,48.9685907,1.7423615
882,644314,48.9687565,1.7414585
883,644315,48.969421,1.7372448
884,644316,48.9698384,1.7357111
885,644317,48.9704519,1.7341121
886,644318,48.9711214,1.7328039
887,644319,48.9717763,1.7317591
888,644320,48.9727545,1.7303801
889,644321,48.9740887,1.7282997
890,644322,48.9745123,1.7274733
891,644323,48.9755495,1.7246369
892,644324,48.9758795,1.7231684
893,644327,48.9774585,1.7142135
894,644328,48.9780282,1.7109778
895,644335,48.9827485,1.6860696
896,644338,48.9837483,1.6811727
897,644348,48.9854748,1.6722033
898,644391,49.0206306,1.5115638
899,644393,49.0222191,1.5021751
900,644394,49.0234939,1.4953304
901,644395,49.0245533,1.4897416
902,644396,49.0251772,1.486825
903,644397,49.0261103,1.4830642
904,644398,49.0270929,1.4796758
905,644399,49.0287868,1.474776
906,644400,49.0302075,1.471287
907,644401,49.0314506,1.468559
908,644402,49.0331298,1.4652921
909,644403,49.0348653,1.4623125
910,644404,49.0368302,1.4592893
911,644405,49.0391419,1.4561832
912,644406,49.0410018,1.4539627
913,644407,49.0430083,1.4516919
914,644409,49.0492263,1.4447597
915,644410,49.0526195,1.4406404
916,644412,49.0561565,1.4356607
917,644413,49.0591164,1.4308458
918,644414,49.0608616,1.4276659
919,644920,49.0524995,1.4405268
920,644921,49.0511096,1.4422697
921,644922,49.0491304,1.4445948
922,644924,49.0429231,1.4515358
923,644925,49.040909,1.4538014
924,644926,49.0390866,1.4559847
925,644927,49.036733,1.4591383
926,644928,49.0347573,1.4621791
927,644929,49.0330259,1.4651509
928,644930,49.03133,1.4684559
929,644931,49.0300906,1.4711737
930,644932,49.0286651,1.4746684
931,644933,49.0269646,1.4796078
932,644934,49.0259831,1.4829851
933,644935,49.0250475,1.4867491
934,644936,49.0247233,1.4882379
935,644938,49.0221352,1.5018909
936,644939,49.0209298,1.5085299
937,644941,49.0204396,1.5118095
938,644942,49.0197831,1.5188302
939,644943,49.0196491,1.5215558
940,644944,49.019593,1.5244476
941,644945,49.0197449,1.530742
942,644949,49.0210111,1.5529489
943,644950,49.0210469,1.5569415
944,644951,49.0210319,1.560342
945,644952,49.0208396,1.5691211
946,644953,49.0207316,1.5713292
947,644954,49.020422,1.5740471
948,644955,49.0200408,1.5762377
949,644956,49.0195637,1.5782332
950,644957,49.018853,1.5806258
951,644958,49.0178268,1.5832601
952,644982,48.9853787,1.6719569
953,644995,48.9835591,1.6810933
954,644999,48.9826224,1.6859077
955,645002,48.9806543,1.6958605
956,645003,48.9796442,1.7010775
957,645005,48.9779032,1.7109101
958,645006,48.9773321,1.7141397
959,645010,48.974888,1.7262046
960,645011,48.9743936,1.7273544
961,645012,48.9739866,1.7281412
962,645013,48.9726536,1.7302231
963,645014,48.9710237,1.7326508
964,645015,48.970332,1.7340006
965,645016,48.9697055,1.7356266
966,645017,48.9692798,1.7371936
967,645018,48.9689757,1.7388037
968,645019,48.9684703,1.7422637
969,645020,48.9680352,1.743973
970,645021,48.9674531,1.7456102
971,645022,48.9661053,1.7486986
972,645023,48.9656634,1.7501777
973,645025,48.9652347,1.7544279
974,645026,48.9652162,1.7560396
975,645027,48.9653589,1.758424
976,645029,48.9649358,1.7643603
977,645030,48.9646482,1.767683
978,645031,48.9640812,1.7729088
979,645032,48.9639297,1.7757067
980,645033,48.9638406,1.7802296
981,645034,48.9637966,1.7876081
982,645035,48.9638423,1.7907679
983,645036,48.9640235,1.7945346
984,645037,48.9643644,1.798524
985,645038,48.9647162,1.8014087
986,645040,48.9656145,1.8089448
987,645041,48.9655993,1.8134263
988,645042,48.9654931,1.8147187
989,645043,48.9648304,1.8196748
990,645045,48.9637152,1.827155
991,645046,48.9634242,1.8291592
992,645047,48.9631805,1.8311635
993,645049,48.9630105,1.8359006
994,645050,48.9631468,1.8386291
995,645052,48.963892,1.84367
996,645053,48.9645136,1.8461671
997,645054,48.9654486,1.8494578
998,645055,48.9668434,1.8542608
999,645057,48.9684154,1.8604108
1000,645058,48.9691397,1.8640727
1001,645059,48.9696231,1.8670925
1002,645060,48.9701348,1.8714306
1003,645061,48.9704666,1.8760832
1004,645062,48.9705484,1.8792019
1005,645068,48.9702095,1.9080882
1006,645069,48.9700476,1.9102722
1007,645070,48.9697117,1.9127289
1008,645071,48.9692609,1.9149489
1009,645072,48.9685383,1.9174677
1010,645073,48.9678625,1.9193195
1011,645074,48.9669602,1.9213261
1012,645075,48.9657799,1.9234005
1013,645076,48.9642087,1.9257108
1014,645078,48.9584255,1.9333363
1015,645080,48.9538682,1.9393094
1016,645081,48.9521731,1.9414085
1017,645082,48.9509888,1.9428291
1018,645083,48.9495179,1.9444897
1019,645084,48.9476687,1.9464989
1020,645086,48.941495,1.9526539
1021,645088,48.9402897,1.9540458
1022,645089,48.9384484,1.956708
1023,645090,48.9365998,1.9604396
1024,645091,48.9360375,1.9619135
1025,645092,48.9353733,1.9639538
1026,645093,48.9347558,1.9661334
1027,645097,48.9309759,1.9798695
1028,645099,48.9288783,1.9873133
1029,645100,48.9271132,1.992935
1030,645114,48.9153177,2.0325477
1031,645115,48.9150351,2.0356622
1032,645116,48.9145193,2.0398446
1033,645117,48.9144505,2.0401682
1034,645118,48.913789,2.0424287
1035,645119,48.9130875,2.0440298
1036,645120,48.9121207,2.0456646
1037,645121,48.9108866,2.0474215
1038,645122,48.9088027,2.0503034
1039,645123,48.9079503,2.0515516
1040,645125,48.906178,2.0557415
1041,645127,48.9168727,2.1159901
1042,645128,48.917272,2.1170871
1043,645129,48.917517,2.1181616
1044,645130,48.9176522,2.1194414
1045,645131,48.9175939,2.1211665
1046,645132,48.9173927,2.1223622
1047,645135,48.9158008,2.1310065
1048,645136,48.9152527,2.1343946
1049,645137,48.9148944,2.1369776
1050,645138,48.9146337,2.1402956
1051,645139,48.9145283,2.1439139
1052,645140,48.9144849,2.145508
1053,645141,48.9144281,2.1473221
1054,645142,48.9143515,2.1490288
1055,645143,48.9142013,2.1512818
1056,645155,48.9131313,2.1618661
1057,645156,48.9129138,2.165873
1058,645157,48.9127693,2.1693455
1059,645158,48.9124972,2.1763531
1060,645159,48.9123624,2.1786558
1061,645160,48.9112896,2.1843624
1062,645161,48.9105081,2.1866457
1063,645162,48.9096308,2.1885109
1064,645163,48.9086437,2.190206
1065,645164,48.9071846,2.1923733
1066,645165,48.9057744,2.1943981
1067,645166,48.904691,2.1960783
1068,645168,48.9187448,2.0113628
1069,645170,48.9119278,2.1815849
1070,645171,48.9113867,2.1844308
1071,645219,48.9011389,2.217181
1072,645220,48.9016902,2.2188868
1073,645223,48.9043336,2.2188389
1074,645224,48.9059489,2.2171513
1075,645225,48.906351,2.2163331
1076,645226,48.9068136,2.2147459
1077,645227,48.9068995,2.2143202
1078,645236,48.9069533,2.2115928
1079,645237,48.905066,2.2085094
1080,645238,48.903123,2.2050809
1081,661209,48.8337536,2.3334212
1082,661211,48.8739267,2.3257905
1083,661213,48.87525,2.3242781
1084,661214,48.8780545,2.3226225
1085,661215,48.8804106,2.317374
1086,661216,48.8807416,2.3170527
1087,661218,48.8750526,2.2959596
1088,661220,48.8745805,2.296967
1089,661221,48.8739765,2.2972889
1090,661223,48.8727892,2.2967736
1091,661225,48.8709454,2.2975047
1092,661227,48.8651558,2.299843
1093,661231,48.8569354,2.2903507
1094,661232,48.8565086,2.2900641
1095,661233,48.8552714,2.289546
1096,661234,48.8550486,2.2893932
1097,661235,48.8543873,2.2886598
1098,661237,48.851657,2.2913769
1099,661239,48.8506961,2.2923353
1100,661244,48.8464821,2.301822
1101,704765,48.8396348,2.4001413
1102,704766,48.8652885,2.3744427
1103,704775,48.8597911,2.4013633
1104,704778,48.8526951,2.4061085
1105,704779,48.8489527,2.4065708
1106,704780,48.8400886,2.4044722
1107,704781,48.8376805,2.4038122
1108,704782,48.8366955,2.4034859
1109,704784,48.831909,2.3974784
1110,792952,48.8290921,2.3605632
1111,792953,48.8292465,2.3606931
1112,792954,48.830249,2.3621958
1113,792955,48.8306516,2.3615516
1114,792956,48.8310148,2.3611254
1115,792958,48.8315837,2.3636711
1116,792960,48.8320827,2.3652678
1117,792961,48.8323844,2.364868
1118,792962,48.8333246,2.3636483
1119,792963,48.8308869,2.3650193
1120,792964,48.8305397,2.3660044
1121,792967,48.8294621,2.3654241
1122,792968,48.830024,2.3672567
1123,792969,48.8300386,2.3675604
1124,792970,48.8302063,2.3675311
1125,792971,48.8303829,2.3678437
1126,792972,48.8304324,2.3674946
1127,792973,48.8305555,2.3673258
1128,792975,48.8294737,2.3682909
1129,792985,48.8283166,2.3672642
1130,792986,48.8279218,2.366652
1131,792987,48.8275863,2.3661349
1132,792988,48.8281995,2.3657574
1133,792989,48.8285914,2.365505
1134,792991,48.8277737,2.3645499
1135,1688996,48.8279827,2.3693805
1136,1689002,48.8277634,2.3707435
1137,1689005,48.8294317,2.3687879
1138,1689006,48.8281064,2.3707111
1139,1689008,48.8286332,2.3699127
1140,1689010,48.8283849,2.3695445
1141,1689012,48.8295977,2.3715575
1142,1689013,48.8297197,2.371798
1143,1689016,48.8310482,2.3743874
1144,1689019,48.8304043,2.3750559
1145,1689021,48.8299213,2.3738025
1146,1689027,48.8289364,2.372509
1147,1689029,48.8272904,2.3685052
1148,1689030,48.8271052,2.3671311
1149,1689033,48.8276142,2.3708858
1150,2035302,48.8505867,2.3600338
1151,4616525,48.8628341,2.3134495
1152,4616526,48.8628941,2.3179455
1153,4616528,48.862616,2.3190488
1154,4616532,48.8625355,2.3092295
1155,4616537,48.8641916,2.3001309
1156,4616541,48.8639207,2.2989008
1157,4616542,48.8629976,2.2951947
1158,4616543,48.8625473,2.2938625
1159,4616546,48.8609267,2.2917022
1160,4616548,48.8599507,2.2904848
1161,4616553,48.851324,2.2784754
1162,4616555,48.8491031,2.2754325
1163,4616562,48.8519182,2.2852003
1164,4616563,48.85882,2.3129666
1165,4616565,48.8579445,2.3151472
1166,4616566,48.8536931,2.314733
1167,4616567,48.8518154,2.3145185
1168,4616570,48.8482836,2.3157894
1169,4628976,48.8525367,2.5406658
1170,4628987,48.8559513,2.5682271
1171,4628988,48.8571743,2.5682491
1172,4628990,48.8582816,2.5673981
1173,4628991,48.8605789,2.5665388
1174,4628993,48.8612341,2.5662275
1175,4628995,48.8620499,2.5652884
1176,4628996,48.8626374,2.565304
1177,4628998,48.8637979,2.5679772
1178,4629687,48.883144,2.4720349
1179,4629689,48.87791,2.4771024
1180,4629690,48.8749614,2.4790175
1181,4629691,48.8737256,2.4797042
1182,4629693,48.8712364,2.4821606
1183,4629694,48.8695542,2.4826066
1184,4629696,48.8674539,2.4818288
1185,4629697,48.8659271,2.4817009
1186,4629698,48.8635445,2.482748
1187,4629699,48.8608574,2.4845658
1188,4634107,48.9756683,2.4911669
1189,4634111,48.9712574,2.4990192
1190,4634112,48.967746,2.5104371
1191,4634117,48.9727517,2.576061
1192,4634118,48.9738363,2.5778403
1193,4634120,48.9751539,2.5792664
1194,4634121,48.9758449,2.5802234
1195,4634122,48.9601147,2.6206742
1196,4998966,48.7679263,2.0304538
1197,4998970,48.7670978,2.0309342
1198,4998972,48.7681311,2.0292931
1199,4998973,48.7690314,2.0275925
1200,4998975,48.7691785,2.0275473
1201,4998976,48.7690111,2.0274658
1202,4998978,48.7691578,2.0274069
1203,4998988,48.7712943,2.0157552
1204,4998993,48.7723362,2.0118781
1205,4998995,48.7731519,2.00905
1206,4998996,48.7735318,2.0082349
1207,7159611,48.7094143,2.4916309
1208,7159615,48.7092596,2.4917091
1209,7159617,48.7090194,2.4919672
1210,7159618,48.7088505,2.4921715
1211,7159619,48.7086023,2.492441
1212,7159621,48.7080552,2.4930627
1213,7159622,48.7076353,2.4935368
1214,7159623,48.7072813,2.4939484
1215,7159624,48.7076077,2.4934488
1216,7159625,48.7074423,2.4926772
1217,7159626,48.7074637,2.4924538
1218,7159627,48.7077532,2.4908882
1219,7159628,48.7079819,2.4896712
1220,7159629,48.7080744,2.4891769
1221,7159630,48.7080889,2.4888427
1222,7159631,48.7079804,2.4883219
1223,7159632,48.7079827,2.488142
1224,7159634,48.7072116,2.4880753
1225,7159635,48.7071901,2.487344
1226,7159636,48.7071281,2.4864857
1227,7159637,48.7070786,2.4859413
1228,7159638,48.7069289,2.484962
1229,7159639,48.7068616,2.4844269
1230,7159641,48.706973,2.4839222
1231,7159642,48.7069274,2.4838843
1232,7304705,48.8249543,2.3624501
1233,7304708,48.8275888,2.3718108
1234,7304709,48.827082,2.3742215
1235,7304712,48.8289396,2.3798391
1236,7304714,48.8296024,2.3792112
1237,7304715,48.8306496,2.381756
1238,7304716,48.8288915,2.3839625
1239,8809431,48.8392134,2.3966166
1240,8809434,48.8367179,2.3984316
1241,8809435,48.8356232,2.3970758
1242,8809436,48.8362374,2.3946479
1243,8809437,48.8543372,2.3714397
1244,8809438,48.8547839,2.3727458
1245,8809439,48.8555166,2.3744228
1246,8809440,48.8557643,2.3750856
1247,8809441,48.8533019,2.3757374
1248,8809442,48.8544152,2.3713714
1249,8809443,48.8550777,2.3719839
1250,8809444,48.8553212,2.3720189